<?xml version="1.0" encoding="UTF-8"?>
<config
    xmlns:xsi="http://www.w3.org/2001/XMLSchema-instance"
    xsi:noNamespaceSchemaLocation="http://qconsulting.ca/fo3/ModConfig5.0.xsd">

    <moduleName>DEFCON 01 Bashed Patch</moduleName>

    <moduleDependencies>
        <fileDependency file="Fallout3.esm" state="Active" />
        <fileDependency file="Anchorage.esm" state="Active" />
        <fileDependency file="ThePitt.esm" state="Active" />
        <fileDependency file="BrokenSteel.esm" state="Active" />
        <fileDependency file="PointLookout.esm" state="Active" />
        <fileDependency file="Zeta.esm" state="Active" />
        <fileDependency file="Unofficial Fallout 3 Patch.esm" state="Active" />
        <fileDependency file="Console Key Binder.esp" state="Active" />
        <fileDependency file="CASM.esp" state="Active" />
        <fileDependency file="YearlingBooks.esp" state="Active" />
        <fileDependency file="Confessor Cromwell has a Break_EV.esp" state="Active" />
        <fileDependency file="Clean-Deluxe GOTY.esp" state="Active" />
        <fileDependency file="BetterGamePerformance.esp" state="Active" />
        <fileDependency file="DCStreet - BS.esp" state="Active" />
        <fileDependency file="Rivet City Realignment.esp" state="Active" />
        <fileDependency file="MTCBigTownRobotFix.esp" state="Active" />
    </moduleDependencies>

    <requiredInstallFiles>
        <file source="DEFCON 01 Bashed Patch.esp"/>
        <folder source="docs"/>
    </requiredInstallFiles>
</config>