<?xml version="1.0" encoding="UTF-8"?>
<config
    xmlns:xsi="http://www.w3.org/2001/XMLSchema-instance"
    xsi:noNamespaceSchemaLocation="http://qconsulting.ca/fo3/ModConfig5.0.xsd">

    <moduleName>INI Tweaks</moduleName>

    <moduleDependencies>
        <fileDependency file="Fallout3.esm" state="Active"/>
        <fileDependency file="Anchorage.esm" state="Active"/>
        <fileDependency file="ThePitt.esm" state="Active"/>
        <fileDependency file="BrokenSteel.esm" state="Active"/>
        <fileDependency file="PointLookout.esm" state="Active"/>
        <fileDependency file="Zeta.esm" state="Active"/>
    </moduleDependencies>

    <requiredInstallFiles>
        <folder source="INI Tweaks"/>
        <folder source="textures"/>
    </requiredInstallFiles>
</config>